,cote,,1.23
,Apple iPhone 13 128GB Red - Unlocked (Renewed),https://www.amazon.com/dp/B09LNT1F3H/,$730.00
,Apple iPhone 13 128GB Red - Unlocked (Renewed),https://www.amazon.com/dp/B09LNT1F3H/,$730.00
,Apple iPhone 13 128GB Red - Unlocked (Renewed),https://www.amazon.com/dp/B09LNT1F3H/,$730.00
, Classroom of the Elite: Year 2 (Light Novel) Vol. 2 ,https://www.amazon.de/Classroom-Elite-Year-Two-Band/dp/1638583374/ref=sr_1_1?keywords=classroom+of+the+elite+light+novel&qid=1666686887&qu=eyJxc2MiOiI0LjEwIiwicXNhIjoiMy44OCIsInFzcCI6IjQuMTMifQ%3D%3D&sprefix=classroom+of%2Caps%2C157&sr=8-1,13,09 €
, Classroom of the Elite: Year 2 (Light Novel) Vol. 2 ,https://www.amazon.de/Classroom-Elite-Year-Two-Band/dp/1638583374/ref=sr_1_1?keywords=classroom+of+the+elite+light+novel&qid=1666686887&qu=eyJxc2MiOiI0LjEwIiwicXNhIjoiMy44OCIsInFzcCI6IjQuMTMifQ%3D%3D&sprefix=classroom+of%2Caps%2C157&sr=8-1,13,09 €
https://m.media-amazon.com/images/I/51y8Sl6vNWS.__AC_SX300_SY300_QL70_ML2_.jpg,        Worx Leafjet Akku-Laubbläser, 40 V, mit bürstenlosem Motor (nur Werkzeug) – WG585.9       ,https://www.amazon.de/WORX-WG585-9-Akku-Laubbläser-bürstenlosem-Werkzeug/dp/B097NH8LG4?pf_rd_r=WVQ9JZXHWK3VXA24VB4A&pf_rd_p=cd121cde-fcfd-475d-8603-66f8973844a7&pd_rd_r=6d3862dc-65df-4a93-ae18-3ae6acfcb728&pd_rd_w=yVV6V&pd_rd_wg=crh98&ref_=pd_gw_unk&th=1,172,54€
https://m.media-amazon.com/images/I/51y8Sl6vNWS.__AC_SX300_SY300_QL70_ML2_.jpg,        Worx Leafjet Akku-Laubbläser, 40 V, mit bürstenlosem Motor (nur Werkzeug) – WG585.9       ,https://www.amazon.de/WORX-WG585-9-Akku-Laubbläser-bürstenlosem-Werkzeug/dp/B097NH8LG4?pf_rd_r=WVQ9JZXHWK3VXA24VB4A&pf_rd_p=cd121cde-fcfd-475d-8603-66f8973844a7&pd_rd_r=6d3862dc-65df-4a93-ae18-3ae6acfcb728&pd_rd_w=yVV6V&pd_rd_wg=crh98&ref_=pd_gw_unk&th=1,172,54€
https://m.media-amazon.com/images/I/51y8Sl6vNWS.__AC_SX300_SY300_QL70_ML2_.jpg,        Worx Leafjet Akku-Laubbläser, 40 V, mit bürstenlosem Motor (nur Werkzeug) – WG585.9       ,https://www.amazon.de/WORX-WG585-9-Akku-Laubbläser-bürstenlosem-Werkzeug/dp/B097NH8LG4?pf_rd_r=WVQ9JZXHWK3VXA24VB4A&pf_rd_p=cd121cde-fcfd-475d-8603-66f8973844a7&pd_rd_r=6d3862dc-65df-4a93-ae18-3ae6acfcb728&pd_rd_w=yVV6V&pd_rd_wg=crh98&ref_=pd_gw_unk&th=1,172,54€
https://images-na.ssl-images-amazon.com/images/I/81bcfZLDYwL._AC_UL116_SR116,116_.jpg, A Certain Scientific Railgun Vol. 17 ,https://www.amazon.com/-/de/dp/1648275745/ref=sr_1_3?__mk_de_DE=ÅMÅŽÕÑ&crid=3BL877HSIKE8D&keywords=railgun+manga&qid=1666712342&qu=eyJxc2MiOiI0LjQ5IiwicXNhIjoiMy40MSIsInFzcCI6IjMuMzEifQ%3D%3D&sprefix=railgun+mang%2Caps%2C308&sr=8-3,$12.99
https://images-na.ssl-images-amazon.com/images/I/81bcfZLDYwL._AC_UL116_SR116,116_.jpg, A Certain Scientific Railgun Vol. 17 ,https://www.amazon.com/-/de/dp/1648275745/ref=sr_1_3?__mk_de_DE=ÅMÅŽÕÑ&crid=3BL877HSIKE8D&keywords=railgun+manga&qid=1666712342&qu=eyJxc2MiOiI0LjQ5IiwicXNhIjoiMy40MSIsInFzcCI6IjMuMzEifQ%3D%3D&sprefix=railgun+mang%2Caps%2C308&sr=8-3,$12.99
https://m.media-amazon.com/images/W/IMAGERENDERING_521856-T2/images/I/61YjbTwWqQL._AC_SS450_.jpg,        GoldOars Wii HDMI Adapter Wii zu HDMI Adapter 1080P/720P HD Converter Adapter mit 3,5mm Stereo Audio Buchse +1.5m HDMI Kabel Unterstützt NTSC/PAL Format für Smart TV HDTV (Weiß)       ,https://www.amazon.de/Goldoars-Konverter-Adapter-Wii2HDMI-HDMI-Anschluss-Weiß/dp/B07JZD9C61/ref=sr_1_1_sspa?__mk_de_DE=ÅMÅŽÕÑ&crid=11M7INTQX0MN0&keywords=wii+hdmi+adapter&qid=1679934935&sprefix=wii+hdmi+adapt%2Caps%2C355&sr=8-1-spons&sp_csd=d2lkZ2V0TmFtZT1zcF9hdGY&psc=1,10,69€
https://www.google.com/url?sa=i&url=https%3A%2F%2Fcraftsnippets.com%2Farticles%2Fplaceholder-image-macro-for-craft-cms&psig=AOvVaw3OcWPsbNOT6EDTCxLB0GAG&ust=1680024390024000&source=images&cd=vfe&ved=0CBAQjRxqFwoTCJj5iNrQ_P0CFQAAAAAdAAAAABAE,  Psychologie für Anfänger:: Das Buch zu Unterbewusstsein, NLP, Persönlichkeitsentwicklung, Körpersprache lesen und Manipulation inkl. Tipps für mehr Motivation und Selbstdisziplin im alltäglichen Leben ,https://www.amazon.de/Psychologie-Anfänger-Unterbewusstsein-Persönlichkeitsentwicklung-Selbstdisziplin/dp/B089M61NQV/ref=sr_1_2_sspa?keywords=bücher&qid=1679935941&sr=8-2-spons&sp_csd=d2lkZ2V0TmFtZT1zcF9hdGY&psc=1,13,90 €
https://www.google.com/url?sa=i&url=https%3A%2F%2Fcraftsnippets.com%2Farticles%2Fplaceholder-image-macro-for-craft-cms&psig=AOvVaw3OcWPsbNOT6EDTCxLB0GAG&ust=1680024390024000&source=images&cd=vfe&ved=0CBAQjRxqFwoTCJj5iNrQ_P0CFQAAAAAdAAAAABAE,  Psychologie für Anfänger:: Das Buch zu Unterbewusstsein, NLP, Persönlichkeitsentwicklung, Körpersprache lesen und Manipulation inkl. Tipps für mehr Motivation und Selbstdisziplin im alltäglichen Leben ,https://www.amazon.de/Psychologie-Anfänger-Unterbewusstsein-Persönlichkeitsentwicklung-Selbstdisziplin/dp/B089M61NQV/ref=sr_1_2_sspa?keywords=bücher&qid=1679935941&sr=8-2-spons&sp_csd=d2lkZ2V0TmFtZT1zcF9hdGY&psc=1,13,90 €
https://www.google.com/url?sa=i&url=https%3A%2F%2Fcraftsnippets.com%2Farticles%2Fplaceholder-image-macro-for-craft-cms&psig=AOvVaw3OcWPsbNOT6EDTCxLB0GAG&ust=1680024390024000&source=images&cd=vfe&ved=0CBAQjRxqFwoTCJj5iNrQ_P0CFQAAAAAdAAAAABAE,  Psychologie für Anfänger:: Das Buch zu Unterbewusstsein, NLP, Persönlichkeitsentwicklung, Körpersprache lesen und Manipulation inkl. Tipps für mehr Motivation und Selbstdisziplin im alltäglichen Leben ,https://www.amazon.de/Psychologie-Anfänger-Unterbewusstsein-Persönlichkeitsentwicklung-Selbstdisziplin/dp/B089M61NQV/ref=sr_1_2_sspa?keywords=bücher&qid=1679935941&sr=8-2-spons&sp_csd=d2lkZ2V0TmFtZT1zcF9hdGY&psc=1,13,90 €
https://www.google.com/url?sa=i&url=https%3A%2F%2Fcraftsnippets.com%2Farticles%2Fplaceholder-image-macro-for-craft-cms&psig=AOvVaw3OcWPsbNOT6EDTCxLB0GAG&ust=1680024390024000&source=images&cd=vfe&ved=0CBAQjRxqFwoTCJj5iNrQ_P0CFQAAAAAdAAAAABAE,  Psychologie für Anfänger:: Das Buch zu Unterbewusstsein, NLP, Persönlichkeitsentwicklung, Körpersprache lesen und Manipulation inkl. Tipps für mehr Motivation und Selbstdisziplin im alltäglichen Leben ,https://www.amazon.de/Psychologie-Anfänger-Unterbewusstsein-Persönlichkeitsentwicklung-Selbstdisziplin/dp/B089M61NQV/ref=sr_1_2_sspa?keywords=bücher&qid=1679935941&sr=8-2-spons&sp_csd=d2lkZ2V0TmFtZT1zcF9hdGY&psc=1,13,90 €
https://www.google.com/url?sa=i&url=https%3A%2F%2Fcraftsnippets.com%2Farticles%2Fplaceholder-image-macro-for-craft-cms&psig=AOvVaw3OcWPsbNOT6EDTCxLB0GAG&ust=1680024390024000&source=images&cd=vfe&ved=0CBAQjRxqFwoTCJj5iNrQ_P0CFQAAAAAdAAAAABAE,  Psychologie für Anfänger:: Das Buch zu Unterbewusstsein, NLP, Persönlichkeitsentwicklung, Körpersprache lesen und Manipulation inkl. Tipps für mehr Motivation und Selbstdisziplin im alltäglichen Leben ,https://www.amazon.de/Psychologie-Anfänger-Unterbewusstsein-Persönlichkeitsentwicklung-Selbstdisziplin/dp/B089M61NQV/ref=sr_1_2_sspa?keywords=bücher&qid=1679935941&sr=8-2-spons&sp_csd=d2lkZ2V0TmFtZT1zcF9hdGY&psc=1,13,90 €
https://www.google.com/url?sa=i&url=https%3A%2F%2Fcraftsnippets.com%2Farticles%2Fplaceholder-image-macro-for-craft-cms&psig=AOvVaw3OcWPsbNOT6EDTCxLB0GAG&ust=1680024390024000&source=images&cd=vfe&ved=0CBAQjRxqFwoTCJj5iNrQ_P0CFQAAAAAdAAAAABAE,  Psychologie für Anfänger:: Das Buch zu Unterbewusstsein, NLP, Persönlichkeitsentwicklung, Körpersprache lesen und Manipulation inkl. Tipps für mehr Motivation und Selbstdisziplin im alltäglichen Leben ,https://www.amazon.de/Psychologie-Anfänger-Unterbewusstsein-Persönlichkeitsentwicklung-Selbstdisziplin/dp/B089M61NQV/ref=sr_1_2_sspa?keywords=bücher&qid=1679935941&sr=8-2-spons&sp_csd=d2lkZ2V0TmFtZT1zcF9hdGY&psc=1,13,90 €
https://www.google.com/url?sa=i&url=https%3A%2F%2Fcraftsnippets.com%2Farticles%2Fplaceholder-image-macro-for-craft-cms&psig=AOvVaw3OcWPsbNOT6EDTCxLB0GAG&ust=1680024390024000&source=images&cd=vfe&ved=0CBAQjRxqFwoTCJj5iNrQ_P0CFQAAAAAdAAAAABAE,  Psychologie für Anfänger:: Das Buch zu Unterbewusstsein, NLP, Persönlichkeitsentwicklung, Körpersprache lesen und Manipulation inkl. Tipps für mehr Motivation und Selbstdisziplin im alltäglichen Leben ,https://www.amazon.de/Psychologie-Anfänger-Unterbewusstsein-Persönlichkeitsentwicklung-Selbstdisziplin/dp/B089M61NQV/ref=sr_1_2_sspa?keywords=bücher&qid=1679935941&sr=8-2-spons&sp_csd=d2lkZ2V0TmFtZT1zcF9hdGY&psc=1,13,90 €
https://www.google.com/url?sa=i&url=https%3A%2F%2Fcraftsnippets.com%2Farticles%2Fplaceholder-image-macro-for-craft-cms&psig=AOvVaw3OcWPsbNOT6EDTCxLB0GAG&ust=1680024390024000&source=images&cd=vfe&ved=0CBAQjRxqFwoTCJj5iNrQ_P0CFQAAAAAdAAAAABAE,  Psychologie für Anfänger:: Das Buch zu Unterbewusstsein, NLP, Persönlichkeitsentwicklung, Körpersprache lesen und Manipulation inkl. Tipps für mehr Motivation und Selbstdisziplin im alltäglichen Leben ,https://www.amazon.de/Psychologie-Anfänger-Unterbewusstsein-Persönlichkeitsentwicklung-Selbstdisziplin/dp/B089M61NQV/ref=sr_1_2_sspa?keywords=bücher&qid=1679935941&sr=8-2-spons&sp_csd=d2lkZ2V0TmFtZT1zcF9hdGY&psc=1,13,90 €
https://www.google.com/url?sa=i&url=https%3A%2F%2Fcraftsnippets.com%2Farticles%2Fplaceholder-image-macro-for-craft-cms&psig=AOvVaw3OcWPsbNOT6EDTCxLB0GAG&ust=1680024390024000&source=images&cd=vfe&ved=0CBAQjRxqFwoTCJj5iNrQ_P0CFQAAAAAdAAAAABAE,  Psychologie für Anfänger:: Das Buch zu Unterbewusstsein, NLP, Persönlichkeitsentwicklung, Körpersprache lesen und Manipulation inkl. Tipps für mehr Motivation und Selbstdisziplin im alltäglichen Leben ,https://www.amazon.de/Psychologie-Anfänger-Unterbewusstsein-Persönlichkeitsentwicklung-Selbstdisziplin/dp/B089M61NQV/ref=sr_1_2_sspa?keywords=bücher&qid=1679935941&sr=8-2-spons&sp_csd=d2lkZ2V0TmFtZT1zcF9hdGY&psc=1,13,90 €
https://www.google.com/url?sa=i&url=https%3A%2F%2Fcraftsnippets.com%2Farticles%2Fplaceholder-image-macro-for-craft-cms&psig=AOvVaw3OcWPsbNOT6EDTCxLB0GAG&ust=1680024390024000&source=images&cd=vfe&ved=0CBAQjRxqFwoTCJj5iNrQ_P0CFQAAAAAdAAAAABAE,  Psychologie für Anfänger:: Das Buch zu Unterbewusstsein, NLP, Persönlichkeitsentwicklung, Körpersprache lesen und Manipulation inkl. Tipps für mehr Motivation und Selbstdisziplin im alltäglichen Leben ,https://www.amazon.de/Psychologie-Anfänger-Unterbewusstsein-Persönlichkeitsentwicklung-Selbstdisziplin/dp/B089M61NQV/ref=sr_1_2_sspa?keywords=bücher&qid=1679935941&sr=8-2-spons&sp_csd=d2lkZ2V0TmFtZT1zcF9hdGY&psc=1,13,90 €
https://www.google.com/url?sa=i&url=https%3A%2F%2Fcraftsnippets.com%2Farticles%2Fplaceholder-image-macro-for-craft-cms&psig=AOvVaw3OcWPsbNOT6EDTCxLB0GAG&ust=1680024390024000&source=images&cd=vfe&ved=0CBAQjRxqFwoTCJj5iNrQ_P0CFQAAAAAdAAAAABAE,  Psychologie für Anfänger:: Das Buch zu Unterbewusstsein, NLP, Persönlichkeitsentwicklung, Körpersprache lesen und Manipulation inkl. Tipps für mehr Motivation und Selbstdisziplin im alltäglichen Leben ,https://www.amazon.de/Psychologie-Anfänger-Unterbewusstsein-Persönlichkeitsentwicklung-Selbstdisziplin/dp/B089M61NQV/ref=sr_1_2_sspa?keywords=bücher&qid=1679935941&sr=8-2-spons&sp_csd=d2lkZ2V0TmFtZT1zcF9hdGY&psc=1,13,90 €
https://www.google.com/url?sa=i&url=https%3A%2F%2Fcraftsnippets.com%2Farticles%2Fplaceholder-image-macro-for-craft-cms&psig=AOvVaw3OcWPsbNOT6EDTCxLB0GAG&ust=1680024390024000&source=images&cd=vfe&ved=0CBAQjRxqFwoTCJj5iNrQ_P0CFQAAAAAdAAAAABAE,  Psychologie für Anfänger:: Das Buch zu Unterbewusstsein, NLP, Persönlichkeitsentwicklung, Körpersprache lesen und Manipulation inkl. Tipps für mehr Motivation und Selbstdisziplin im alltäglichen Leben ,https://www.amazon.de/Psychologie-Anfänger-Unterbewusstsein-Persönlichkeitsentwicklung-Selbstdisziplin/dp/B089M61NQV/ref=sr_1_2_sspa?keywords=bücher&qid=1679935941&sr=8-2-spons&sp_csd=d2lkZ2V0TmFtZT1zcF9hdGY&psc=1,13,90 €
https://www.google.com/url?sa=i&url=https%3A%2F%2Fcraftsnippets.com%2Farticles%2Fplaceholder-image-macro-for-craft-cms&psig=AOvVaw3OcWPsbNOT6EDTCxLB0GAG&ust=1680024390024000&source=images&cd=vfe&ved=0CBAQjRxqFwoTCJj5iNrQ_P0CFQAAAAAdAAAAABAE,  DIE KUNST DER PSYCHOLOGIE - Menschen lesen: Wie Sie Manipulationen erkennen und anwenden, emotionale Intelligenz trainieren und die Grundlagen der Psychologie im Alltag zu Ihrem Vorteil nutzen ,https://www.amazon.de/DIE-KUNST-PSYCHOLOGIE-Manipulationen-Intelligenz/dp/B08SRJCRLP/ref=sr_1_3?__mk_de_DE=ÅMÅŽÕÑ&crid=APWU1KMBK0MJ&keywords=psychologie&qid=1679948133&sprefix=psycholog%2Caps%2C413&sr=8-3,12,90€
https://m.media-amazon.com/images/I/415sZlTArxL._SY264_BO1,204,203,200_QL40_ML2_.jpg,  DIE KUNST DER PSYCHOLOGIE - Menschen lesen: Wie Sie Manipulationen erkennen und anwenden, emotionale Intelligenz trainieren und die Grundlagen der Psychologie im Alltag zu Ihrem Vorteil nutzen ,https://www.amazon.de/DIE-KUNST-PSYCHOLOGIE-Manipulationen-Intelligenz/dp/B08SRJCRLP/ref=sr_1_3?__mk_de_DE=ÅMÅŽÕÑ&crid=APWU1KMBK0MJ&keywords=psychologie&qid=1679948133&sprefix=psycholog%2Caps%2C413&sr=8-3,12,90€
https://m.media-amazon.com/images/W/IMAGERENDERING_521856-T1/images/I/41G4M4qKVAL._SY264_BO1,204,203,200_QL40_ML2_.jpg,  Psychologie für Anfänger:: Das Buch zu Unterbewusstsein, NLP, Persönlichkeitsentwicklung, Körpersprache lesen und Manipulation inkl. Tipps für mehr Motivation und Selbstdisziplin im alltäglichen Leben ,https://www.amazon.de/Psychologie-Anfänger-Unterbewusstsein-Persönlichkeitsentwicklung-Selbstdisziplin/dp/B089M61NQV/ref=sr_1_2_sspa?keywords=bücher&qid=1679935941&sr=8-2-spons&sp_csd=d2lkZ2V0TmFtZT1zcF9hdGY&psc=1,13,90 €
https://m.media-amazon.com/images/I/415sZlTArxL._SY264_BO1,204,203,200_QL40_ML2_.jpg,  DIE KUNST DER PSYCHOLOGIE - Menschen lesen: Wie Sie Manipulationen erkennen und anwenden, emotionale Intelligenz trainieren und die Grundlagen der Psychologie im Alltag zu Ihrem Vorteil nutzen ,https://www.amazon.de/DIE-KUNST-PSYCHOLOGIE-Manipulationen-Intelligenz/dp/B08SRJCRLP/ref=sr_1_3?__mk_de_DE=ÅMÅŽÕÑ&crid=APWU1KMBK0MJ&keywords=psychologie&qid=1679948133&sprefix=psycholog%2Caps%2C413&sr=8-3,12,90€
https://m.media-amazon.com/images/W/IMAGERENDERING_521856-T2/images/I/51IWfUAzjoL._SY264_BO1,204,203,200_QL40_ML2_.jpg,  Don't Toy With Me, Miss Nagatoro 13 ,https://www.amazon.de/Dont-Toy-Me-Miss-Nagatoro/dp/1647291658/ref=d_bmx_dp_rf7uzdqo_sccl_1_3/262-7541205-9327927?pd_rd_w=XfG4P&content-id=amzn1.sym.f58a5e44-b983-4f04-8310-d4f7fbbc8e54&pf_rd_p=f58a5e44-b983-4f04-8310-d4f7fbbc8e54&pf_rd_r=EFYJSVWFMNVWFGVH3TQF&pd_rd_wg=YVCHy&pd_rd_r=c6c87111-f238-447a-bcfc-2e649f705323&pd_rd_i=1647291658&psc=1,10,79 €
https://m.media-amazon.com/images/I/51IWfUAzjoL._SY264_BO1,204,203,200_QL40_ML2_.jpg,  Don't Toy With Me, Miss Nagatoro 13 ,https://www.amazon.de/Dont-Toy-Me-Miss-Nagatoro/dp/1647291658/ref=d_bmx_dp_rf7uzdqo_sccl_1_3/262-7541205-9327927?pd_rd_w=XfG4P&content-id=amzn1.sym.f58a5e44-b983-4f04-8310-d4f7fbbc8e54&pf_rd_p=f58a5e44-b983-4f04-8310-d4f7fbbc8e54&pf_rd_r=EFYJSVWFMNVWFGVH3TQF&pd_rd_wg=YVCHy&pd_rd_r=c6c87111-f238-447a-bcfc-2e649f705323&pd_rd_i=1647291658&psc=1,10,79 €
https://m.media-amazon.com/images/W/IMAGERENDERING_521856-T2/images/I/51IWfUAzjoL._SY264_BO1,204,203,200_QL40_ML2_.jpg,  Don't Toy With Me, Miss Nagatoro 13 ,https://www.amazon.de/Dont-Toy-Me-Miss-Nagatoro/dp/1647291658/ref=d_bmx_dp_rf7uzdqo_sccl_1_3/262-7541205-9327927?pd_rd_w=XfG4P&content-id=amzn1.sym.f58a5e44-b983-4f04-8310-d4f7fbbc8e54&pf_rd_p=f58a5e44-b983-4f04-8310-d4f7fbbc8e54&pf_rd_r=EFYJSVWFMNVWFGVH3TQF&pd_rd_wg=YVCHy&pd_rd_r=c6c87111-f238-447a-bcfc-2e649f705323&pd_rd_i=1647291658&psc=1,10,79 €
https://m.media-amazon.com/images/W/IMAGERENDERING_521856-T1/images/I/51IWfUAzjoL._SY264_BO1,204,203,200_QL40_ML2_.jpg,  Don't Toy With Me, Miss Nagatoro 13 ,https://www.amazon.de/Dont-Toy-Me-Miss-Nagatoro/dp/1647291658/ref=d_bmx_dp_rf7uzdqo_sccl_1_3/262-7541205-9327927?pd_rd_w=XfG4P&content-id=amzn1.sym.f58a5e44-b983-4f04-8310-d4f7fbbc8e54&pf_rd_p=f58a5e44-b983-4f04-8310-d4f7fbbc8e54&pf_rd_r=EFYJSVWFMNVWFGVH3TQF&pd_rd_wg=YVCHy&pd_rd_r=c6c87111-f238-447a-bcfc-2e649f705323&pd_rd_i=1647291658&psc=1,10,79 €
https://m.media-amazon.com/images/W/IMAGERENDERING_521856-T1/images/I/51IWfUAzjoL._SY264_BO1,204,203,200_QL40_ML2_.jpg,  Don't Toy With Me, Miss Nagatoro 13 ,https://www.amazon.de/Dont-Toy-Me-Miss-Nagatoro/dp/1647291658/ref=d_bmx_dp_rf7uzdqo_sccl_1_3/262-7541205-9327927?pd_rd_w=XfG4P&content-id=amzn1.sym.f58a5e44-b983-4f04-8310-d4f7fbbc8e54&pf_rd_p=f58a5e44-b983-4f04-8310-d4f7fbbc8e54&pf_rd_r=EFYJSVWFMNVWFGVH3TQF&pd_rd_wg=YVCHy&pd_rd_r=c6c87111-f238-447a-bcfc-2e649f705323&pd_rd_i=1647291658&psc=1,10,79 €
https://m.media-amazon.com/images/W/IMAGERENDERING_521856-T1/images/I/51IWfUAzjoL._SY264_BO1,204,203,200_QL40_ML2_.jpg,  Don't Toy With Me, Miss Nagatoro 13 ,https://www.amazon.de/Dont-Toy-Me-Miss-Nagatoro/dp/1647291658/ref=d_bmx_dp_rf7uzdqo_sccl_1_3/262-7541205-9327927?pd_rd_w=XfG4P&content-id=amzn1.sym.f58a5e44-b983-4f04-8310-d4f7fbbc8e54&pf_rd_p=f58a5e44-b983-4f04-8310-d4f7fbbc8e54&pf_rd_r=EFYJSVWFMNVWFGVH3TQF&pd_rd_wg=YVCHy&pd_rd_r=c6c87111-f238-447a-bcfc-2e649f705323&pd_rd_i=1647291658&psc=1,10,79 €
